Title,Duration,Stipend,Apply_By,Details_url
Content Development (Robotics & Coding),6 Months,3000 /month,7 Apr' 21,https://internshala.com//internship/details/content-development-robotics-coding-work-from-home-job-internship-at-edumarvel1616582802
 , , , , 
 , , , , 
 , , , , 
 , , , , 
Title,Duration,Stipend,Apply_By,Details_url
Content Development (Robotics & Coding),6 Months,3000 /month,7 Apr' 21,https://internshala.com//internship/details/content-development-robotics-coding-work-from-home-job-internship-at-edumarvel1616582802
 , , , , 
 , , , , 
 , , , , 
 , , , , 
