 , , , , 
 , , , , 
Aerospace Engineering,3 Months,5000-9000 /month,19 Mar' 21,https://internshala.com//internship/detail/aerospace-engineering-internship-in-multiple-locations-at-e-studypal1614929570
Android Development,6 Months,2500 /month,17 Mar' 21,https://internshala.com//internship/detail/android-development-internship-in-pune-at-kumaarakalpa-staffing-services-private-limited1614750105
Angular.js Development,6 Months,8000-12000 /month,25 Mar' 21,https://internshala.com//internship/detail/angularjs-development-internship-in-pune-at-vishvarupa-infotech-llp1614843980
AWS Cloud Management,6 Months,17000 /month,14 Mar' 21,https://internshala.com//internship/detail/aws-cloud-management-part-time-job-internship-at-pune-in-kukbit-software-lab1614502121
Backend Development,3 Months,10000-20000 /month,2 Apr' 21,https://internshala.com//internship/detail/backend-development-internship-in-pune-pimpri-chinchwad-at-exa-mobility-india-private-limited1614325767
Backend Development,3 Months,7000-10000 /month,18 Mar' 21,https://internshala.com//internship/detail/backend-development-part-time-job-internship-at-multiple-locations-in-perfect-skills1612960361
Civil Engineering,2 Months,6000 /month,20 Mar' 21,https://internshala.com//internship/detail/civil-engineering-internship-in-pune-at-badiyani-constructions1615004988
Code India Fellowship,6 Months,25000 /month,23 Mar' 21,https://internshala.com//internship/detail/code-india-fellowship-internship-in-pune-bangalore-at-navgurukul1615186734
Data Scrapping,2 Months,2000 /month,19 Mar' 21,https://internshala.com//internship/detail/data-scrapping-internship-in-multiple-locations-at-rk-books1614494838
Electrical Engineering,6 Months,6000-10000 /month,14 Mar' 21,https://internshala.com//internship/detail/electrical-engineering-internship-in-pune-at-bharati-robotic-systems1614520269
Electronics Engineering (R&D),3 Months,10000-20000 /month,22 Mar' 21,https://internshala.com//internship/detail/electronics-engineering-r-d-internship-in-pune-at-pivot-energy-private-limited1615213102
Embedded Systems,3 Months,5000-10000 /month,7 Apr' 21,https://internshala.com//internship/detail/embedded-systems-part-time-job-internship-at-pune-pimpri-chinchwad-in-exa-mobility-india-private-limited1614757603
Embedded Systems,6 Months,6000-12000 /month,14 Mar' 21,https://internshala.com//internship/detail/embedded-systems-internship-in-pune-at-bharati-robotic-systems1614520448
Enterprise Computing,6 Months,18000 /month,17 Mar' 21,https://internshala.com//internship/detail/enterprise-computing-internship-in-pune-at-altair-engineering1614697462
Environmental Sciences,6 Months,Unpaid,10 Apr' 21,https://internshala.com//internship/detail/environmental-sciences-part-time-job-internship-at-multiple-locations-in-earth5r1615014784
Flutter Development,3 Months,2000 /month,22 Mar' 21,https://internshala.com//internship/detail/flutter-development-internship-in-pune-at-aletia-it-solutions1615198484
Flutter Development,4 Months,5000-7000 /month,18 Mar' 21,https://internshala.com//internship/detail/flutter-development-internship-in-pune-at-radar-soft-technologies1614833433
Front End Development,3 Months,5000 /month,23 Mar' 21,https://internshala.com//internship/detail/front-end-development-part-time-job-internship-at-pune-in-skillbit1615284830
Front End Development,6 Months,5000 /week,17 Mar' 21,https://internshala.com//internship/detail/front-end-development-part-time-job-internship-at-pune-in-kukbit-software-lab1614757112
Front End Development,6 Months,8000 /month,22 Mar' 21,https://internshala.com//internship/detail/front-end-development-internship-in-pune-at-roxiler-systems1613386923
Front End Development,3 Months,7000-10000 /month,18 Mar' 21,https://internshala.com//internship/detail/front-end-development-part-time-job-internship-at-multiple-locations-in-perfect-skills1612959931
Full Stack Development,6 Months,13000 /month,25 Mar' 21,https://internshala.com//internship/detail/full-stack-development-part-time-job-internship-at-pune-in-kukbit-software-lab1615447297
Full Stack Development,2 Months,3000 /month,18 Mar' 21,https://internshala.com//internship/detail/full-stack-development-internship-in-pune-at-boongg1614834767
Full Stack Development,6 Months,10000 /month,31 Mar' 21,https://internshala.com//internship/detail/full-stack-development-internship-in-pune-at-twodots-software-services-opc-private-limited1614082299
Information Technology Teaching,3 Months,8000-12000 /month,19 Mar' 21,https://internshala.com//internship/detail/information-technology-teaching-internship-in-pune-bangalore-at-navgurukul1614943900
Internet Of Things (IoT),3 Months,5000-10000 /month,7 Apr' 21,https://internshala.com//internship/detail/internet-of-things-iot-internship-in-pune-pimpri-chinchwad-at-exa-mobility-india-private-limited1614757629
Java Development,6 Months,2000-7000 /month,26 Mar' 21,https://internshala.com//internship/detail/java-development-internship-in-pune-at-atdev-services1615547118
Java Development,4 Months,2000 /month,24 Mar' 21,https://internshala.com//internship/detail/java-development-internship-in-pune-at-vertical-software1615289828
Java Development,3 Months,7000 /month,22 Mar' 21,https://internshala.com//internship/detail/java-development-internship-in-pune-at-consociate-solutions-private-limited1615098124
Java Development,6 Months,2000 /month,16 Mar' 21,https://internshala.com//internship/detail/java-development-part-time-job-internship-at-pune-in-technocipher-it-solutions1614686352
Java Development,6 Months,15000 /month,16 Mar' 21,https://internshala.com//internship/detail/java-development-part-time-job-internship-at-pune-in-kukbit-software-lab1614671970
Java Development,3 Months,10000 /month,31 Mar' 21,https://internshala.com//internship/detail/java-development-internship-in-pune-at-midbrains-technologies1614170523
Mobile App Development,6 Months,6000-7000 /month,27 Mar' 21,https://internshala.com//internship/detail/mobile-app-development-internship-in-pune-at-taxivaxi1615638781
Mobile App Development,2 Months,2000 /month,25 Mar' 21,https://internshala.com//internship/detail/mobile-app-development-internship-in-pune-at-tight-the-nut1615377629
Mobile App Development,2 Months,2000-5000 /month,24 Mar' 21,https://internshala.com//internship/detail/mobile-app-development-part-time-job-internship-at-pune-in-cmile1614941410
Mobile App Development,3 Months,5000-10000 /month,22 Mar' 21,https://internshala.com//internship/detail/mobile-app-development-part-time-job-internship-at-multiple-locations-in-godamwale-trading-logistics-private-limited1615097896
Mobile App Development,3 Months,2500 /month +  Incentives,18 Mar' 21,https://internshala.com//internship/detail/mobile-app-development-internship-in-multiple-locations-at-computer-software-solutions1614824798
Mobile App Development,6 Months,8000 /month,18 Mar' 21,https://internshala.com//internship/detail/mobile-app-development-internship-in-pune-at-zapfin-teknologies-private-limited1614814548
Mobile App Development,3 Months,7000-12000 /month,15 Mar' 21,https://internshala.com//internship/detail/mobile-app-development-part-time-job-internship-at-pune-in-fortem-enterprises1613292354
Network Engineering,3 Months,3000-5000 /month,18 Mar' 21,https://internshala.com//internship/detail/network-engineering-internship-in-pune-at-pfp-studios1614842585
Node.js Development,6 Months,8000 /month,16 Mar' 21,https://internshala.com//internship/detail/nodejs-development-internship-in-pune-at-roxiler-systems1614670172
PHP Development,6 Months,15000 /month,23 Mar' 21,https://internshala.com//internship/detail/php-development-part-time-job-internship-at-pune-in-kukbit-software-lab1615284694
PHP Development,3 Months,2000 /month,12 Apr' 21,https://internshala.com//internship/detail/php-development-part-time-job-internship-at-pune-in-radar-soft-technologies1615181548
PHP Development,3 Months,7000 /month,17 Mar' 21,https://internshala.com//internship/detail/php-development-internship-in-pune-at-consociate-solutions-private-limited1614705149
PHP Development (Laravel),6 Months,8000 /month,24 Mar' 21,https://internshala.com//internship/detail/php-development-laravel-internship-in-pune-at-zapfin-teknologies-private-limited1615359816
Product Design,3 Months,3000-5000 /month,15 Mar' 21,https://internshala.com//internship/detail/product-design-internship-in-pune-at-makerspace-creators-catalyst1613212089
Python Development,6 Months,13000 /month,25 Mar' 21,https://internshala.com//internship/detail/python-development-internship-in-pune-at-kukbit-software-lab1615447323
Python Development,3 Months,2000 /month,17 Mar' 21,https://internshala.com//internship/detail/python-development-part-time-job-internship-at-pune-in-skillbit1614757089
Python Development,6 Months,2000 /month,16 Mar' 21,https://internshala.com//internship/detail/python-development-part-time-job-internship-at-pune-in-technocipher-it-solutions1614686262
Python/C/C++ Development,6 Months,6000 /month,30 Mar' 21,https://internshala.com//internship/detail/python-c-c-development-internship-in-pune-at-max-secure-software1614064066
Salesforce Development,6 Months,8000 /month,26 Mar' 21,https://internshala.com//internship/detail/salesforce-development-internship-in-pune-at-pletra-technologies-india-private-limited1615529546
Software Development,6 Months,10000 /month,22 Mar' 21,https://internshala.com//internship/detail/software-development-internship-in-pune-at-tax-block1615198925
Software Testing,3 Months,2000 /month,23 Mar' 21,https://internshala.com//internship/detail/software-testing-internship-in-pune-at-skillbit1615284845
Software Testing,6 Months,13000 /month,17 Mar' 21,https://internshala.com//internship/detail/software-testing-part-time-job-internship-at-pune-in-kukbit-software-lab1614757101
Software Testing,6 Months,2000 /month,16 Mar' 21,https://internshala.com//internship/detail/software-testing-part-time-job-internship-at-pune-in-technocipher-it-solutions1614686321
Software Testing,3 Months,3000 /month,26 Mar' 21,https://internshala.com//internship/detail/software-testing-part-time-job-internship-at-pune-in-midbrains-technologies1613665236
Software Testing (Manual),1 Month,6000 /month,31 Mar' 21,https://internshala.com//internship/detail/software-testing-manual-internship-in-pune-at-ridvig-technologies1614248519
Systems Administration,6 Months,7500 /month,20 Mar' 21,https://internshala.com//internship/detail/systems-administration-internship-in-pune-at-ahuja-valecha-associates-llp1615015162
Teaching (Robotics),6 Months,5000-7500 /month,24 Mar' 21,https://internshala.com//internship/detail/teaching-robotics-part-time-job-internship-at-multiple-locations-in-robokidz-eduventures-private-limited1615372501
Technical Product Development,6 Months,10000 /month,22 Mar' 21,https://internshala.com//internship/detail/technical-product-development-internship-in-pune-at-dhi-technologies-private-limited1615188519
Title,Duration,Stipend,Apply_By,Details_url
Visiting Students' Research Programme (VSRP-2021),2 Months,7000 /month,Not Provided,https://internshala.com//internship/detail/internship-at-tata-institute-of-fundamental-research1613044534
Web Development,6 Months,9000 /month,27 Mar' 21,https://internshala.com//internship/detail/web-development-part-time-job-internship-at-pune-in-indkarta1615613968
Web Development,3 Months,7000 /month,27 Mar' 21,https://internshala.com//internship/detail/web-development-internship-in-pune-at-b-k-emerald-services1615605559
Web Development,6 Months,4000-5000 /month,26 Mar' 21,https://internshala.com//internship/detail/web-development-internship-in-pune-at-smartnet-software-private-limited1615568623
Web Development,2 Months,5000 /month,25 Mar' 21,https://internshala.com//internship/detail/web-development-internship-in-pune-at-drawww-media1615458405
Web Development,1 Month,2000 /month,25 Mar' 21,https://internshala.com//internship/detail/web-development-part-time-job-internship-at-pune-in-nutech-business-solutions-private-limited1615451003
Web Development,4 Months,10000-12000 lump sum,25 Mar' 21,https://internshala.com//internship/detail/web-development-internship-in-pune-at-transition-computing-india1615450924
Web Development,3 Months,7500 /month,25 Mar' 21,https://internshala.com//internship/detail/web-development-internship-in-pune-at-ahuja-valecha-associates-llp1615446769
Web Development,6 Months,7500 /month,25 Mar' 21,https://internshala.com//internship/detail/web-development-internship-in-multiple-locations-at-spectra-cube1615436916
Web Development,3 Months,6000 /month,25 Mar' 21,https://internshala.com//internship/detail/web-development-internship-in-pune-at-dtf-cyber-security-services-private-limited1615432184
Web Development,3 Months,5000 /month,24 Mar' 21,https://internshala.com//internship/detail/web-development-internship-in-pune-at-skillbit1615359332
Web Development,6 Months,8000 /month,24 Mar' 21,https://internshala.com//internship/detail/web-development-internship-in-pune-at-zasmlabs-opc-private-limited1615350850
Web Development,2 Months,2000 /month,24 Mar' 21,https://internshala.com//internship/detail/web-development-internship-in-pune-at-consultant-in-computer-systems1615349441
Web Development,3 Months,3000-6000 /month,23 Mar' 21,https://internshala.com//internship/detail/web-development-internship-in-pune-at-ycs-techsoft-private-limited1615274913
Web Development,6 Months,7000-12000 /month,22 Mar' 21,https://internshala.com//internship/detail/web-development-internship-in-pune-at-cloudoptimo1615191912
Web Development,3 Months,8000 /month,22 Mar' 21,https://internshala.com//internship/detail/web-development-internship-in-pune-at-dwplacsolutions1615191835
Web Development,3 Months,3500 /month,20 Mar' 21,https://internshala.com//internship/detail/web-development-part-time-job-internship-at-multiple-locations-in-softezi-solutions-llp1615001403
Web Development,6 Months,8000 /month,19 Mar' 21,https://internshala.com//internship/detail/web-development-internship-in-pune-at-roxiler-systems1614930451
Web Development,3 Months,3000-5000 /month,18 Mar' 21,https://internshala.com//internship/detail/web-development-internship-in-pune-at-hspm-solutions-llp1614835128
Web Development,6 Months,10000-12000 /month,17 Mar' 21,https://internshala.com//internship/detail/web-development-internship-in-pune-at-btosc-infotech-private-limited1614775033
Web Development,3 Months,7000 /month,17 Mar' 21,https://internshala.com//internship/detail/web-development-internship-in-pune-at-impel-learning-solutions1614749540
Web Development,6 Months,2500 /month,17 Mar' 21,https://internshala.com//internship/detail/web-development-internship-in-pune-at-kumaarakalpa-staffing-services-private-limited1614749885
Web Development,2 Months,5000 /month,17 Mar' 21,https://internshala.com//internship/detail/web-development-internship-in-pune-at-sparkel-power-and-automation-solutions1614318308
Web Development,6 Months,2000 /month,16 Mar' 21,https://internshala.com//internship/detail/web-development-part-time-job-internship-at-pune-in-technocipher-it-solutions1614686293
Web Development,6 Months,10000 /month,16 Mar' 21,https://internshala.com//internship/detail/web-development-internship-in-pune-mumbai-at-drumup-media1614618213
Web Development,6 Months,15000 /month,16 Mar' 21,https://internshala.com//internship/detail/web-development-internship-in-pune-at-kukbit-software-lab1614671931
Web Development,6 Months,4000 /month,15 Mar' 21,https://internshala.com//internship/detail/web-development-internship-in-pune-at-gtl-software1614583656
Web Development,6 Months,3000 /month,15 Mar' 21,https://internshala.com//internship/detail/web-development-internship-in-pune-maharashtra-at-gtl-softwares1614495575
Web Development,6 Months,7000-12000 /month,14 Mar' 21,https://internshala.com//internship/detail/web-development-internship-in-pune-at-bharati-robotic-systems1614518326
Web Development,6 Months,5000-10000 /month,21 Mar' 21,https://internshala.com//internship/detail/web-development-internship-in-pimpri-chinchwad-at-cursive-technologies-private-limited1613805326
Web Development,3 Months,3000 /month +  Incentives,24 Mar' 21,https://internshala.com//internship/detail/web-development-part-time-job-internship-at-pune-in-midbrains-technologies1613664928
Web Development,2 Months,5000 /month,25 Mar' 21,https://internshala.com//internship/detail/web-development-internship-in-pune-pimpri-chinchwad-at-registration-arena1613632228
Web Development,3 Months,5000-7000 /month,24 Mar' 21,https://internshala.com//internship/detail/web-development-part-time-job-internship-at-pune-in-brandup1613541102
 , , , , 
